train_loss_step,epoch,step
4.661533832550049,0,49
4.660650253295898,0,99
4.663046836853027,0,149
4.660765647888184,0,199
