train_loss_step,epoch,step
4.661217212677002,0,49
4.6605377197265625,0,99
4.662868022918701,0,149
4.660640239715576,0,199
4.660531044006348,0,249
4.660483360290527,0,299
4.660447120666504,0,349
4.6604461669921875,0,399
4.660417556762695,0,449
